Student_ID,Student_Name,Attendance,Internal_Marks,Assignment_Score,Previous_Result,Risk_Level
101,Amit,92,82,90,88,Low
102,Rahul,74,61,68,65,Medium
103,Priya,52,40,45,50,High
104,Neha,88,78,80,82,Low
105,Rohan,67,55,60,58,Medium
106,Anjali,45,35,40,42,High
107,Karan,81,73,75,77,Low
108,Pooja,59,48,52,55,High
109,Arjun,95,90,94,92,Low
110,Sneha,72,62,65,67,Medium
111,Ravi,63,52,58,60,Medium
112,Meera,49,38,42,45,High
113,Raj,86,76,78,80,Low
114,Nisha,77,68,70,72,Medium
115,Ajay,55,44,48,52,High
116,Riya,91,85,88,87,Low
117,Mohit,68,57,62,63,Medium
118,Asha,43,32,38,40,High
119,Varun,84,74,76,78,Low
120,Simran,61,50,55,57,Medium
121,Rohit,79,69,72,73,Low
122,Kavya,50,39,44,47,High
123,Vivek,89,80,82,84,Low
124,Diya,65,54,59,61,Medium
125,Akash,47,36,41,43,High
126,Isha,93,88,91,90,Low
127,Manish,70,60,66,68,Medium
128,Tina,57,46,50,54,High
129,Aditya,82,72,74,76,Low
130,Sonia,54,42,47,49,High
